"square","row","column","ai_games_won","games","player_win_rate"
100,10,10,5084,9840,0.483333333333333
91,10,1,4634,8962,0.482927917875474
10,1,10,4750,9063,0.475890985324948
1,1,1,5148,9711,0.469879518072289
81,9,1,4884,9024,0.458776595744681
90,9,10,5194,9555,0.456410256410256
9,1,9,5101,9353,0.454613492996899
2,1,2,5133,9391,0.453412842082845
99,10,9,5360,9621,0.442885354952708
11,2,1,5416,9599,0.435774559849984
